{
	"collections" : [
		{
			"name" : "Examples",
			"type" : "container",
			"contents" : [
				{
					"name" : "Max",
					"type" : "query",
					"contents" : [ "tag:(c74example) AND NOT tag:(MSP OR poly OR pfft OR Jitter OR dsp OR gen OR javascript OR mxj OR abstraction) AND path:examples AND kind:patcher" ],
					"columns" : ["name", "tags"]
				},
				{
					"name" : "MSP",
					"type" : "query",
					"contents" : [ "tag:c74example AND tag:(MSP OR pfft OR poly) AND kind:patcher AND path:examples" ],
					"columns" : ["name", "tags"]
				},
				{
					"name" : "Jitter",
					"type" : "query",
					"contents" : [ "tag:(c74example Jitter) AND kind:patcher AND NOT tag:abstraction" ],
					"columns" : ["name", "tags"]
				},
				{
					"name" : "Javascript",
					"type" : "query",
					"contents" : [ "tag:(c74example javascript)" ],
					"columns" : ["name", "tags"]
				},
				{
					"name" : "Java",
					"type" : "query",
					"contents" : [ "tag:(c74example mxj)" ],
					"columns" : ["name", "tags"]
				},
				{
					"name" : "gen~",
					"type" : "query",
					"contents" : [ "tag:(c74example gen dsp) AND kind:patcher" ],
					"columns" : ["name", "tags"]
				},
				{
					"name" : "genJit",
					"type" : "query",
					"contents" : [ "tag:(c74example gen Jitter) AND kind:patcher" ],
					"columns" : ["name", "tags"]
				}
			]
		},
		{
			"name" : "Tutorials",
			"type" : "container",
			"contents" : [
				{
					"name" : "Max Tutorials",
					"type" : "query",
					"contents" : [ "package:max AND kind:tutorial" ],
					"columns" : ["name", "tags"]
				},
				{
					"name" : "MSP Tutorials",
					"type" : "query",
					"contents" : [ "package:msp AND kind:tutorial" ],
					"columns" : ["name", "tags"]
				},
				{
					"name" : "Jitter Tutorials",
					"type" : "query",
					"contents" : [ "package:jitter AND kind:tutorial" ],
					"columns" : ["name", "tags"]
				}
			]
		},
		{
			"name" : "Media",
			"type" : "container",
			"contents" : [
				{
					"name" : "Audio",
					"type" : "filelist",
					"contents" : [ "anton.aif", "cello-f2.aif", "cherokee.aif", "drumLoop.aif", "jongly.aif", "rainstick.aif", "sho0630.aif", "vibes-a1.aif", "prim.loop.aif", "social.aif" ],
					"columns" : ["name", "description", "tags"]
				},
				{
					"name" : "Images",
					"type" : "query",
					"contents" : [ "package:Max", "kind:image" ],
					"columns" : ["name", "description", "tags"]
				},
				{
					"name" : "Video",
					"type" : "filelist",
					"contents" : [ "bball.mov", "blading.mov", "countdown.mov", "countdown15.mov", "crashtest.mov", "dishes.mov", "dozer.mov", "dvducks.mov", "dvkite.mov", "garbage.mov", "oh.mov", "ozone.mov", "rain.mov", "rca.mov", "track1.mov", "track2.mov", "traffic.mov", "wheel.mov" ],
					"columns" : ["name", "description", "tags"]
				}
			]
		},
		{
			"name" : "Jitter",
			"type" : "container",
			"contents" : [
				{
					"name" : "Materials",
					"type" : "query",
					"contents" : [ "package:jitter", "kind:material" ],
					"columns" : ["name", "tags"]
				},
				{
					"name" : "Models",
					"type" : "query",
					"contents" : [ "package:jitter", "kind:model" ],
					"columns" : ["name", "tags"]
				},
				{
					"name" : "Passes",
					"type" : "query",
					"contents" : [ "package:jitter", "kind:pass" ],
					"columns" : ["name", "tags"]
				},
				{
					"name" : "Shaders",
					"type" : "query",
					"contents" : [ "package:jitter", "kind:shader" ],
					"columns" : ["name", "tags"]
				}
			]
		},
		{
			"name" : "Gen",
			"type" : "container",
			"contents" : [
				{
					"name" : "Gen DSP",
					"type" : "query",
					"contents" : ["tag:(c74example gen dsp) AND kind:gen"],
					"columns" : ["name", "tags"]
				},
				{
					"name" : "Gen Jitter",
					"type" : "query",
					"contents" : ["tag:(c74example gen jitter) AND kind:gen"],
					"columns" : ["name", "tags"]
				}
			]
		},
		{
			"name" : "Javascript",
			"type" : "container",
			"contents" : [
				{
					"name" : "js Operators",
					"type" : "query",
					"contents" : ["package:(Max OR Jitter) kind:javascript NOT location:jsui-library"],
					"columns" : ["name", "tags"]
				},
				{
					"name" : "jsui Interfaces",
					"type" : "query",
					"contents" : ["package:(Max OR Jitter) kind:javascript AND location:jsui-library"],
					"columns" : ["name", "tags"]
				}
			]
		},
		{
			"name" : "Java Resources",
			"type" : "query",
			"contents" : [ "location:C74:/java" ],
			"columns" : ["name", "description", "tags"]
		}
    ]
}
